plan,Program,tot_score,rx_score,med_score,ip_score,op_score,phy_score,er_score,oth_score,member_month_count,pat_count,Average Mara Score,period
HPHC ACCESS AMERICA,Muni,3.1762093425605533,0.5336522491349481,2.6425570934256055,0.9240501730103806,0.7180000000000001,0.832190311418685,0.08549134948096886,0.08282525951557093,7650,578,3.1762093425605533,2023/07 - 2024/06
HPHC ACCESS AMERICA,State,2.5445279999999997,0.4550705,2.089457499999995,0.68113,0.5992580000000001,0.6783354999999975,0.07116274999999975,0.05957125,51432,4000,2.5445279999999997,2023/07 - 2024/06
